1#Two Sum,3Sum#/problems/3sum#Medium,4Sum#/problems/4sum#Medium,Two Sum II - Input array is sorted#/problems/two-sum-ii-input-array-is-sorted#Easy,Two Sum III - Data structure design#/problems/two-sum-iii-data-structure-design#Easy,Subarray Sum Equals K#/problems/subarray-sum-equals-k#Medium,Two Sum IV - Input is a BST#/problems/two-sum-iv-input-is-a-bst#Easy,Two Sum Less Than K#/problems/two-sum-less-than-k#Easy
2#Add Two Numbers,Multiply Strings#/problems/multiply-strings#Medium,Add Binary#/problems/add-binary#Easy,Sum of Two Integers#/problems/sum-of-two-integers#Easy,Add Strings#/problems/add-strings#Easy,Add Two Numbers II#/problems/add-two-numbers-ii#Medium,Add to Array-Form of Integer#/problems/add-to-array-form-of-integer#Easy
3#Longest Substring Without Repeating Characters,Longest Substring with At Most Two Distinct Characters#/problems/longest-substring-with-at-most-two-distinct-characters#Hard,Longest Substring with At Most K Distinct Characters#/problems/longest-substring-with-at-most-k-distinct-characters#Hard,Subarrays with K Different Integers#/problems/subarrays-with-k-different-integers#Hard
4#Median of Two Sorted Arrays
5#Longest Palindromic Substring,Shortest Palindrome#/problems/shortest-palindrome#Hard,Palindrome Permutation#/problems/palindrome-permutation#Easy,Palindrome Pairs#/problems/palindrome-pairs#Hard,Longest Palindromic Subsequence#/problems/longest-palindromic-subsequence#Medium,Palindromic Substrings#/problems/palindromic-substrings#Medium
6#ZigZag Conversion
7#Reverse Integer,String to Integer (atoi)#/problems/string-to-integer-atoi#Medium,Reverse Bits#/problems/reverse-bits#Easy
8#String to Integer (atoi),Reverse Integer#/problems/reverse-integer#Easy,Valid Number#/problems/valid-number#Hard
9#Palindrome Number,Palindrome Linked List#/problems/palindrome-linked-list#Easy
10#Regular Expression Matching,Wildcard Matching#/problems/wildcard-matching#Hard
11#Container With Most Water,Trapping Rain Water#/problems/trapping-rain-water#Hard
12#Integer to Roman,Roman to Integer#/problems/roman-to-integer#Easy,Integer to English Words#/problems/integer-to-english-words#Hard
13#Roman to Integer,Integer to Roman#/problems/integer-to-roman#Medium
14#Longest Common Prefix
15#3Sum,Two Sum#/problems/two-sum#Easy,3Sum Closest#/problems/3sum-closest#Medium,4Sum#/problems/4sum#Medium,3Sum Smaller#/problems/3sum-smaller#Medium
16#3Sum Closest,3Sum#/problems/3sum#Medium,3Sum Smaller#/problems/3sum-smaller#Medium
17#Letter Combinations of a Phone Number,Generate Parentheses#/problems/generate-parentheses#Medium,Combination Sum#/problems/combination-sum#Medium,Binary Watch#/problems/binary-watch#Easy
18#4Sum,Two Sum#/problems/two-sum#Easy,3Sum#/problems/3sum#Medium,4Sum II#/problems/4sum-ii#Medium
19#Remove Nth Node From End of List
20#Valid Parentheses,Generate Parentheses#/problems/generate-parentheses#Medium,Longest Valid Parentheses#/problems/longest-valid-parentheses#Hard,Remove Invalid Parentheses#/problems/remove-invalid-parentheses#Hard,Check If Word Is Valid After Substitutions#/problems/check-if-word-is-valid-after-substitutions#Medium
21#Merge Two Sorted Lists,Merge k Sorted Lists#/problems/merge-k-sorted-lists#Hard,Merge Sorted Array#/problems/merge-sorted-array#Easy,Sort List#/problems/sort-list#Medium,Shortest Word Distance II#/problems/shortest-word-distance-ii#Medium
22#Generate Parentheses,Letter Combinations of a Phone Number#/problems/letter-combinations-of-a-phone-number#Medium,Valid Parentheses#/problems/valid-parentheses#Easy
23#Merge k Sorted Lists,Merge Two Sorted Lists#/problems/merge-two-sorted-lists#Easy,Ugly Number II#/problems/ugly-number-ii#Medium
24#Swap Nodes in Pairs,Reverse Nodes in k-Group#/problems/reverse-nodes-in-k-group#Hard
25#Reverse Nodes in k-Group,Swap Nodes in Pairs#/problems/swap-nodes-in-pairs#Medium
26#Remove Duplicates from Sorted Array,Remove Element#/problems/remove-element#Easy,Remove Duplicates from Sorted Array II#/problems/remove-duplicates-from-sorted-array-ii#Medium
27#Remove Element,Remove Duplicates from Sorted Array#/problems/remove-duplicates-from-sorted-array#Easy,Remove Linked List Elements#/problems/remove-linked-list-elements#Easy,Move Zeroes#/problems/move-zeroes#Easy
28#Implement strStr(),Shortest Palindrome#/problems/shortest-palindrome#Hard,Repeated Substring Pattern#/problems/repeated-substring-pattern#Easy
29#Divide Two Integers
30#Substring with Concatenation of All Words
31#Next Permutation,Permutations#/problems/permutations#Medium,Permutations II#/problems/permutations-ii#Medium,Permutation Sequence#/problems/permutation-sequence#Medium,Palindrome Permutation II#/problems/palindrome-permutation-ii#Medium
32#Longest Valid Parentheses,Valid Parentheses#/problems/valid-parentheses#Easy
33#Search in Rotated Sorted Array,Search in Rotated Sorted Array II#/problems/search-in-rotated-sorted-array-ii#Medium,Find Minimum in Rotated Sorted Array#/problems/find-minimum-in-rotated-sorted-array#Medium
34#Find First and Last Position of Element in Sorted Array,First Bad Version#/problems/first-bad-version#Easy
35#Search Insert Position,First Bad Version#/problems/first-bad-version#Easy
36#Valid Sudoku,Sudoku Solver#/problems/sudoku-solver#Hard
37#Sudoku Solver,Valid Sudoku#/problems/valid-sudoku#Medium,Unique Paths III#/problems/unique-paths-iii#Hard
38#Count and Say,Encode and Decode Strings#/problems/encode-and-decode-strings#Medium,String Compression#/problems/string-compression#Easy
39#Combination Sum,Letter Combinations of a Phone Number#/problems/letter-combinations-of-a-phone-number#Medium,Combination Sum II#/problems/combination-sum-ii#Medium,Combinations#/problems/combinations#Medium,Combination Sum III#/problems/combination-sum-iii#Medium,Factor Combinations#/problems/factor-combinations#Medium,Combination Sum IV#/problems/combination-sum-iv#Medium
40#Combination Sum II,Combination Sum#/problems/combination-sum#Medium
41#First Missing Positive,Missing Number#/problems/missing-number#Easy,Find the Duplicate Number#/problems/find-the-duplicate-number#Medium,Find All Numbers Disappeared in an Array#/problems/find-all-numbers-disappeared-in-an-array#Easy,Couples Holding Hands#/problems/couples-holding-hands#Hard
42#Trapping Rain Water,Container With Most Water#/problems/container-with-most-water#Medium,Product of Array Except Self#/problems/product-of-array-except-self#Medium,Trapping Rain Water II#/problems/trapping-rain-water-ii#Hard,Pour Water#/problems/pour-water#Medium
43#Multiply Strings,Add Two Numbers#/problems/add-two-numbers#Medium,Plus One#/problems/plus-one#Easy,Add Binary#/problems/add-binary#Easy,Add Strings#/problems/add-strings#Easy
44#Wildcard Matching,Regular Expression Matching#/problems/regular-expression-matching#Hard
45#Jump Game II,Jump Game#/problems/jump-game#Medium
46#Permutations,Next Permutation#/problems/next-permutation#Medium,Permutations II#/problems/permutations-ii#Medium,Permutation Sequence#/problems/permutation-sequence#Medium,Combinations#/problems/combinations#Medium
47#Permutations II,Next Permutation#/problems/next-permutation#Medium,Permutations#/problems/permutations#Medium,Palindrome Permutation II#/problems/palindrome-permutation-ii#Medium,Number of Squareful Arrays#/problems/number-of-squareful-arrays#Hard
48#Rotate Image
49#Group Anagrams,Valid Anagram#/problems/valid-anagram#Easy,Group Shifted Strings#/problems/group-shifted-strings#Medium
51#N-Queens,N-Queens II#/problems/n-queens-ii#Hard,Grid Illumination#/problems/grid-illumination#Hard
1#Two Sum,3Sum#/problems/3sum#Medium,4Sum#/problems/4sum#Medium,Two Sum II - Input array is sorted#/problems/two-sum-ii-input-array-is-sorted#Easy,Two Sum III - Data structure design#/problems/two-sum-iii-data-structure-design#Easy,Subarray Sum Equals K#/problems/subarray-sum-equals-k#Medium,Two Sum IV - Input is a BST#/problems/two-sum-iv-input-is-a-bst#Easy,Two Sum Less Than K#/problems/two-sum-less-than-k#Easy
52#N-Queens II,N-Queens#/problems/n-queens#Hard
3#Longest Substring Without Repeating Characters,Longest Substring with At Most Two Distinct Characters#/problems/longest-substring-with-at-most-two-distinct-characters#Hard,Longest Substring with At Most K Distinct Characters#/problems/longest-substring-with-at-most-k-distinct-characters#Hard,Subarrays with K Different Integers#/problems/subarrays-with-k-different-integers#Hard
54#Spiral Matrix,Spiral Matrix II#/problems/spiral-matrix-ii#Medium
5#Longest Palindromic Substring,Shortest Palindrome#/problems/shortest-palindrome#Hard,Palindrome Permutation#/problems/palindrome-permutation#Easy,Palindrome Pairs#/problems/palindrome-pairs#Hard,Longest Palindromic Subsequence#/problems/longest-palindromic-subsequence#Medium,Palindromic Substrings#/problems/palindromic-substrings#Medium
56#Merge Intervals,Insert Interval#/problems/insert-interval#Hard,Meeting Rooms#/problems/meeting-rooms#Easy,Meeting Rooms II#/problems/meeting-rooms-ii#Medium,Teemo Attacking#/problems/teemo-attacking#Medium,Add Bold Tag in String#/problems/add-bold-tag-in-string#Medium,Range Module#/problems/range-module#Hard,Employee Free Time#/problems/employee-free-time#Hard,Partition Labels#/problems/partition-labels#Medium,Interval List Intersections#/problems/interval-list-intersections#Medium
7#Reverse Integer,String to Integer (atoi)#/problems/string-to-integer-atoi#Medium,Reverse Bits#/problems/reverse-bits#Easy
58#Length of Last Word
9#Palindrome Number,Palindrome Linked List#/problems/palindrome-linked-list#Easy
60#Permutation Sequence,Next Permutation#/problems/next-permutation#Medium,Permutations#/problems/permutations#Medium
11#Container With Most Water,Trapping Rain Water#/problems/trapping-rain-water#Hard
62#Unique Paths,Unique Paths II#/problems/unique-paths-ii#Medium,Minimum Path Sum#/problems/minimum-path-sum#Medium,Dungeon Game#/problems/dungeon-game#Hard
13#Roman to Integer,Integer to Roman#/problems/integer-to-roman#Medium
64#Minimum Path Sum,Unique Paths#/problems/unique-paths#Medium,Dungeon Game#/problems/dungeon-game#Hard,Cherry Pickup#/problems/cherry-pickup#Hard
15#3Sum,Two Sum#/problems/two-sum#Easy,3Sum Closest#/problems/3sum-closest#Medium,4Sum#/problems/4sum#Medium,3Sum Smaller#/problems/3sum-smaller#Medium
66#Plus One,Multiply Strings#/problems/multiply-strings#Medium,Add Binary#/problems/add-binary#Easy,Plus One Linked List#/problems/plus-one-linked-list#Medium,Add to Array-Form of Integer#/problems/add-to-array-form-of-integer#Easy
17#Letter Combinations of a Phone Number,Generate Parentheses#/problems/generate-parentheses#Medium,Combination Sum#/problems/combination-sum#Medium,Binary Watch#/problems/binary-watch#Easy
68#Text Justification
19#Remove Nth Node From End of List
70#Climbing Stairs,Min Cost Climbing Stairs#/problems/min-cost-climbing-stairs#Easy,Fibonacci Number#/problems/fibonacci-number#Easy,N-th Tribonacci Number#/problems/n-th-tribonacci-number#Easy
21#Merge Two Sorted Lists,Merge k Sorted Lists#/problems/merge-k-sorted-lists#Hard,Merge Sorted Array#/problems/merge-sorted-array#Easy,Sort List#/problems/sort-list#Medium,Shortest Word Distance II#/problems/shortest-word-distance-ii#Medium
72#Edit Distance,One Edit Distance#/problems/one-edit-distance#Medium,Delete Operation for Two Strings#/problems/delete-operation-for-two-strings#Medium,Minimum ASCII Delete Sum for Two Strings#/problems/minimum-ascii-delete-sum-for-two-strings#Medium,Uncrossed Lines#/problems/uncrossed-lines#Medium
23#Merge k Sorted Lists,Merge Two Sorted Lists#/problems/merge-two-sorted-lists#Easy,Ugly Number II#/problems/ugly-number-ii#Medium
74#Search a 2D Matrix,Search a 2D Matrix II#/problems/search-a-2d-matrix-ii#Medium
25#Reverse Nodes in k-Group,Swap Nodes in Pairs#/problems/swap-nodes-in-pairs#Medium
76#Minimum Window Substring,Substring with Concatenation of All Words#/problems/substring-with-concatenation-of-all-words#Hard,Minimum Size Subarray Sum#/problems/minimum-size-subarray-sum#Medium,Sliding Window Maximum#/problems/sliding-window-maximum#Hard,Permutation in String#/problems/permutation-in-string#Medium,Smallest Range Covering Elements from K Lists#/problems/smallest-range-covering-elements-from-k-lists#Hard,Minimum Window Subsequence#/problems/minimum-window-subsequence#Hard
27#Remove Element,Remove Duplicates from Sorted Array#/problems/remove-duplicates-from-sorted-array#Easy,Remove Linked List Elements#/problems/remove-linked-list-elements#Easy,Move Zeroes#/problems/move-zeroes#Easy
78#Subsets,Subsets II#/problems/subsets-ii#Medium,Generalized Abbreviation#/problems/generalized-abbreviation#Medium,Letter Case Permutation#/problems/letter-case-permutation#Easy
29#Divide Two Integers
80#Remove Duplicates from Sorted Array II,Remove Duplicates from Sorted Array#/problems/remove-duplicates-from-sorted-array#Easy
31#Next Permutation,Permutations#/problems/permutations#Medium,Permutations II#/problems/permutations-ii#Medium,Permutation Sequence#/problems/permutation-sequence#Medium,Palindrome Permutation II#/problems/palindrome-permutation-ii#Medium
82#Remove Duplicates from Sorted List II,Remove Duplicates from Sorted List#/problems/remove-duplicates-from-sorted-list#Easy
33#Search in Rotated Sorted Array,Search in Rotated Sorted Array II#/problems/search-in-rotated-sorted-array-ii#Medium,Find Minimum in Rotated Sorted Array#/problems/find-minimum-in-rotated-sorted-array#Medium
84#Largest Rectangle in Histogram,Maximal Rectangle#/problems/maximal-rectangle#Hard
35#Search Insert Position,First Bad Version#/problems/first-bad-version#Easy
86#Partition List
37#Sudoku Solver,Valid Sudoku#/problems/valid-sudoku#Medium,Unique Paths III#/problems/unique-paths-iii#Hard
88#Merge Sorted Array,Merge Two Sorted Lists#/problems/merge-two-sorted-lists#Easy,Squares of a Sorted Array#/problems/squares-of-a-sorted-array#Easy,Interval List Intersections#/problems/interval-list-intersections#Medium
39#Combination Sum,Letter Combinations of a Phone Number#/problems/letter-combinations-of-a-phone-number#Medium,Combination Sum II#/problems/combination-sum-ii#Medium,Combinations#/problems/combinations#Medium,Combination Sum III#/problems/combination-sum-iii#Medium,Factor Combinations#/problems/factor-combinations#Medium,Combination Sum IV#/problems/combination-sum-iv#Medium
90#Subsets II,Subsets#/problems/subsets#Medium
41#First Missing Positive,Missing Number#/problems/missing-number#Easy,Find the Duplicate Number#/problems/find-the-duplicate-number#Medium,Find All Numbers Disappeared in an Array#/problems/find-all-numbers-disappeared-in-an-array#Easy,Couples Holding Hands#/problems/couples-holding-hands#Hard
92#Reverse Linked List II,Reverse Linked List#/problems/reverse-linked-list#Easy
43#Multiply Strings,Add Two Numbers#/problems/add-two-numbers#Medium,Plus One#/problems/plus-one#Easy,Add Binary#/problems/add-binary#Easy,Add Strings#/problems/add-strings#Easy
94#Binary Tree Inorder Traversal,Validate Binary Search Tree#/problems/validate-binary-search-tree#Medium,Binary Tree Preorder Traversal#/problems/binary-tree-preorder-traversal#Medium,Binary Tree Postorder Traversal#/problems/binary-tree-postorder-traversal#Hard,Binary Search Tree Iterator#/problems/binary-search-tree-iterator#Medium,Kth Smallest Element in a BST#/problems/kth-smallest-element-in-a-bst#Medium,Closest Binary Search Tree Value II#/problems/closest-binary-search-tree-value-ii#Hard,Inorder Successor in BST#/problems/inorder-successor-in-bst#Medium,Convert Binary Search Tree to Sorted Doubly Linked List#/problems/convert-binary-search-tree-to-sorted-doubly-linked-list#Medium,Minimum Distance Between BST Nodes#/problems/minimum-distance-between-bst-nodes#Easy
45#Jump Game II,Jump Game#/problems/jump-game#Medium
96#Unique Binary Search Trees,Unique Binary Search Trees II#/problems/unique-binary-search-trees-ii#Medium
47#Permutations II,Next Permutation#/problems/next-permutation#Medium,Permutations#/problems/permutations#Medium,Palindrome Permutation II#/problems/palindrome-permutation-ii#Medium,Number of Squareful Arrays#/problems/number-of-squareful-arrays#Hard
98#Validate Binary Search Tree,Binary Tree Inorder Traversal#/problems/binary-tree-inorder-traversal#Medium,Find Mode in Binary Search Tree#/problems/find-mode-in-binary-search-tree#Easy
49#Group Anagrams,Valid Anagram#/problems/valid-anagram#Easy,Group Shifted Strings#/problems/group-shifted-strings#Medium
101#Symmetric Tree
51#N-Queens,N-Queens II#/problems/n-queens-ii#Hard,Grid Illumination#/problems/grid-illumination#Hard
52#N-Queens II,N-Queens#/problems/n-queens#Hard
53#Maximum Subarray,Best Time to Buy and Sell Stock#/problems/best-time-to-buy-and-sell-stock#Easy,Maximum Product Subarray#/problems/maximum-product-subarray#Medium,Degree of an Array#/problems/degree-of-an-array#Easy,Longest Turbulent Subarray#/problems/longest-turbulent-subarray#Medium
54#Spiral Matrix,Spiral Matrix II#/problems/spiral-matrix-ii#Medium
55#Jump Game,Jump Game II#/problems/jump-game-ii#Hard
56#Merge Intervals,Insert Interval#/problems/insert-interval#Hard,Meeting Rooms#/problems/meeting-rooms#Easy,Meeting Rooms II#/problems/meeting-rooms-ii#Medium,Teemo Attacking#/problems/teemo-attacking#Medium,Add Bold Tag in String#/problems/add-bold-tag-in-string#Medium,Range Module#/problems/range-module#Hard,Employee Free Time#/problems/employee-free-time#Hard,Partition Labels#/problems/partition-labels#Medium,Interval List Intersections#/problems/interval-list-intersections#Medium
57#Insert Interval,Merge Intervals#/problems/merge-intervals#Medium,Range Module#/problems/range-module#Hard
58#Length of Last Word
59#Spiral Matrix II,Spiral Matrix#/problems/spiral-matrix#Medium
60#Permutation Sequence,Next Permutation#/problems/next-permutation#Medium,Permutations#/problems/permutations#Medium
61#Rotate List,Rotate Array#/problems/rotate-array#Easy,Split Linked List in Parts#/problems/split-linked-list-in-parts#Medium
62#Unique Paths,Unique Paths II#/problems/unique-paths-ii#Medium,Minimum Path Sum#/problems/minimum-path-sum#Medium,Dungeon Game#/problems/dungeon-game#Hard
63#Unique Paths II,Unique Paths#/problems/unique-paths#Medium,Unique Paths III#/problems/unique-paths-iii#Hard
64#Minimum Path Sum,Unique Paths#/problems/unique-paths#Medium,Dungeon Game#/problems/dungeon-game#Hard,Cherry Pickup#/problems/cherry-pickup#Hard
65#Valid Number,String to Integer (atoi)#/problems/string-to-integer-atoi#Medium
66#Plus One,Multiply Strings#/problems/multiply-strings#Medium,Add Binary#/problems/add-binary#Easy,Plus One Linked List#/problems/plus-one-linked-list#Medium,Add to Array-Form of Integer#/problems/add-to-array-form-of-integer#Easy
67#Add Binary,Add Two Numbers#/problems/add-two-numbers#Medium,Multiply Strings#/problems/multiply-strings#Medium,Plus One#/problems/plus-one#Easy,Add to Array-Form of Integer#/problems/add-to-array-form-of-integer#Easy
68#Text Justification
69#Sqrt(x),Pow(x, n)#/problems/powx-n#Medium,Valid Perfect Square#/problems/valid-perfect-square#Easy
70#Climbing Stairs,Min Cost Climbing Stairs#/problems/min-cost-climbing-stairs#Easy,Fibonacci Number#/problems/fibonacci-number#Easy,N-th Tribonacci Number#/problems/n-th-tribonacci-number#Easy
71#Simplify Path
72#Edit Distance,One Edit Distance#/problems/one-edit-distance#Medium,Delete Operation for Two Strings#/problems/delete-operation-for-two-strings#Medium,Minimum ASCII Delete Sum for Two Strings#/problems/minimum-ascii-delete-sum-for-two-strings#Medium,Uncrossed Lines#/problems/uncrossed-lines#Medium
73#Set Matrix Zeroes,Game of Life#/problems/game-of-life#Medium
74#Search a 2D Matrix,Search a 2D Matrix II#/problems/search-a-2d-matrix-ii#Medium
75#Sort Colors,Sort List#/problems/sort-list#Medium,Wiggle Sort#/problems/wiggle-sort#Medium,Wiggle Sort II#/problems/wiggle-sort-ii#Medium
76#Minimum Window Substring,Substring with Concatenation of All Words#/problems/substring-with-concatenation-of-all-words#Hard,Minimum Size Subarray Sum#/problems/minimum-size-subarray-sum#Medium,Sliding Window Maximum#/problems/sliding-window-maximum#Hard,Permutation in String#/problems/permutation-in-string#Medium,Smallest Range Covering Elements from K Lists#/problems/smallest-range-covering-elements-from-k-lists#Hard,Minimum Window Subsequence#/problems/minimum-window-subsequence#Hard
77#Combinations,Combination Sum#/problems/combination-sum#Medium,Permutations#/problems/permutations#Medium
78#Subsets,Subsets II#/problems/subsets-ii#Medium,Generalized Abbreviation#/problems/generalized-abbreviation#Medium,Letter Case Permutation#/problems/letter-case-permutation#Easy
79#Word Search,Word Search II#/problems/word-search-ii#Hard
80#Remove Duplicates from Sorted Array II,Remove Duplicates from Sorted Array#/problems/remove-duplicates-from-sorted-array#Easy
81#Search in Rotated Sorted Array II,Search in Rotated Sorted Array#/problems/search-in-rotated-sorted-array#Medium
82#Remove Duplicates from Sorted List II,Remove Duplicates from Sorted List#/problems/remove-duplicates-from-sorted-list#Easy
83#Remove Duplicates from Sorted List,Remove Duplicates from Sorted List II#/problems/remove-duplicates-from-sorted-list-ii#Medium
84#Largest Rectangle in Histogram,Maximal Rectangle#/problems/maximal-rectangle#Hard
85#Maximal Rectangle,Largest Rectangle in Histogram#/problems/largest-rectangle-in-histogram#Hard,Maximal Square#/problems/maximal-square#Medium
86#Partition List
87#Scramble String
88#Merge Sorted Array,Merge Two Sorted Lists#/problems/merge-two-sorted-lists#Easy,Squares of a Sorted Array#/problems/squares-of-a-sorted-array#Easy,Interval List Intersections#/problems/interval-list-intersections#Medium
89#Gray Code,1-bit and 2-bit Characters#/problems/1-bit-and-2-bit-characters#Easy
90#Subsets II,Subsets#/problems/subsets#Medium
91#Decode Ways,Decode Ways II#/problems/decode-ways-ii#Hard
92#Reverse Linked List II,Reverse Linked List#/problems/reverse-linked-list#Easy
93#Restore IP Addresses,IP to CIDR#/problems/ip-to-cidr#Easy
94#Binary Tree Inorder Traversal,Validate Binary Search Tree#/problems/validate-binary-search-tree#Medium,Binary Tree Preorder Traversal#/problems/binary-tree-preorder-traversal#Medium,Binary Tree Postorder Traversal#/problems/binary-tree-postorder-traversal#Hard,Binary Search Tree Iterator#/problems/binary-search-tree-iterator#Medium,Kth Smallest Element in a BST#/problems/kth-smallest-element-in-a-bst#Medium,Closest Binary Search Tree Value II#/problems/closest-binary-search-tree-value-ii#Hard,Inorder Successor in BST#/problems/inorder-successor-in-bst#Medium,Convert Binary Search Tree to Sorted Doubly Linked List#/problems/convert-binary-search-tree-to-sorted-doubly-linked-list#Medium,Minimum Distance Between BST Nodes#/problems/minimum-distance-between-bst-nodes#Easy
95#Unique Binary Search Trees II,Unique Binary Search Trees#/problems/unique-binary-search-trees#Medium,Different Ways to Add Parentheses#/problems/different-ways-to-add-parentheses#Medium
96#Unique Binary Search Trees,Unique Binary Search Trees II#/problems/unique-binary-search-trees-ii#Medium
97#Interleaving String
98#Validate Binary Search Tree,Binary Tree Inorder Traversal#/problems/binary-tree-inorder-traversal#Medium,Find Mode in Binary Search Tree#/problems/find-mode-in-binary-search-tree#Easy
99#Recover Binary Search Tree
101#Symmetric Tree
101#Symmetric Tree
102#Binary Tree Level Order Traversal,Binary Tree Zigzag Level Order Traversal#/problems/binary-tree-zigzag-level-order-traversal#Medium,Binary Tree Level Order Traversal II#/problems/binary-tree-level-order-traversal-ii#Easy,Minimum Depth of Binary Tree#/problems/minimum-depth-of-binary-tree#Easy,Binary Tree Vertical Order Traversal#/problems/binary-tree-vertical-order-traversal#Medium,Average of Levels in Binary Tree#/problems/average-of-levels-in-binary-tree#Easy,N-ary Tree Level Order Traversal#/problems/n-ary-tree-level-order-traversal#Easy,Cousins in Binary Tree#/problems/cousins-in-binary-tree#Easy
103#Binary Tree Zigzag Level Order Traversal,Binary Tree Level Order Traversal#/problems/binary-tree-level-order-traversal#Medium
104#Maximum Depth of Binary Tree,Balanced Binary Tree#/problems/balanced-binary-tree#Easy,Minimum Depth of Binary Tree#/problems/minimum-depth-of-binary-tree#Easy,Maximum Depth of N-ary Tree#/problems/maximum-depth-of-n-ary-tree#Easy
105#Construct Binary Tree from Preorder and Inorder Traversal,Construct Binary Tree from Inorder and Postorder Traversal#/problems/construct-binary-tree-from-inorder-and-postorder-traversal#Medium
106#Construct Binary Tree from Inorder and Postorder Traversal,Construct Binary Tree from Preorder and Inorder Traversal#/problems/construct-binary-tree-from-preorder-and-inorder-traversal#Medium
107#Binary Tree Level Order Traversal II,Binary Tree Level Order Traversal#/problems/binary-tree-level-order-traversal#Medium,Average of Levels in Binary Tree#/problems/average-of-levels-in-binary-tree#Easy
108#Convert Sorted Array to Binary Search Tree,Convert Sorted List to Binary Search Tree#/problems/convert-sorted-list-to-binary-search-tree#Medium
109#Convert Sorted List to Binary Search Tree,Convert Sorted Array to Binary Search Tree#/problems/convert-sorted-array-to-binary-search-tree#Easy
110#Balanced Binary Tree,Maximum Depth of Binary Tree#/problems/maximum-depth-of-binary-tree#Easy
111#Minimum Depth of Binary Tree,Binary Tree Level Order Traversal#/problems/binary-tree-level-order-traversal#Medium,Maximum Depth of Binary Tree#/problems/maximum-depth-of-binary-tree#Easy
112#Path Sum,Path Sum II#/problems/path-sum-ii#Medium,Binary Tree Maximum Path Sum#/problems/binary-tree-maximum-path-sum#Hard,Sum Root to Leaf Numbers#/problems/sum-root-to-leaf-numbers#Medium,Path Sum III#/problems/path-sum-iii#Easy,Path Sum IV#/problems/path-sum-iv#Medium
113#Path Sum II,Path Sum#/problems/path-sum#Easy,Binary Tree Paths#/problems/binary-tree-paths#Easy,Path Sum III#/problems/path-sum-iii#Easy,Path Sum IV#/problems/path-sum-iv#Medium
114#Flatten Binary Tree to Linked List,Flatten a Multilevel Doubly Linked List#/problems/flatten-a-multilevel-doubly-linked-list#Medium
115#Distinct Subsequences
116#Populating Next Right Pointers in Each Node,Populating Next Right Pointers in Each Node II#/problems/populating-next-right-pointers-in-each-node-ii#Medium,Binary Tree Right Side View#/problems/binary-tree-right-side-view#Medium
117#Populating Next Right Pointers in Each Node II,Populating Next Right Pointers in Each Node#/problems/populating-next-right-pointers-in-each-node#Medium
118#Pascal's Triangle,Pascal's Triangle II#/problems/pascals-triangle-ii#Easy
119#Pascal's Triangle II,Pascal's Triangle#/problems/pascals-triangle#Easy
120#Triangle
121#Best Time to Buy and Sell Stock,Maximum Subarray#/problems/maximum-subarray#Easy,Best Time to Buy and Sell Stock II#/problems/best-time-to-buy-and-sell-stock-ii#Easy,Best Time to Buy and Sell Stock III#/problems/best-time-to-buy-and-sell-stock-iii#Hard,Best Time to Buy and Sell Stock IV#/problems/best-time-to-buy-and-sell-stock-iv#Hard,Best Time to Buy and Sell Stock with Cooldown#/problems/best-time-to-buy-and-sell-stock-with-cooldown#Medium
122#Best Time to Buy and Sell Stock II,Best Time to Buy and Sell Stock#/problems/best-time-to-buy-and-sell-stock#Easy,Best Time to Buy and Sell Stock III#/problems/best-time-to-buy-and-sell-stock-iii#Hard,Best Time to Buy and Sell Stock IV#/problems/best-time-to-buy-and-sell-stock-iv#Hard,Best Time to Buy and Sell Stock with Cooldown#/problems/best-time-to-buy-and-sell-stock-with-cooldown#Medium,Best Time to Buy and Sell Stock with Transaction Fee#/problems/best-time-to-buy-and-sell-stock-with-transaction-fee#Medium
123#Best Time to Buy and Sell Stock III,Best Time to Buy and Sell Stock#/problems/best-time-to-buy-and-sell-stock#Easy,Best Time to Buy and Sell Stock II#/problems/best-time-to-buy-and-sell-stock-ii#Easy,Best Time to Buy and Sell Stock IV#/problems/best-time-to-buy-and-sell-stock-iv#Hard,Maximum Sum of 3 Non-Overlapping Subarrays#/problems/maximum-sum-of-3-non-overlapping-subarrays#Hard
124#Binary Tree Maximum Path Sum,Path Sum#/problems/path-sum#Easy,Sum Root to Leaf Numbers#/problems/sum-root-to-leaf-numbers#Medium,Path Sum IV#/problems/path-sum-iv#Medium,Longest Univalue Path#/problems/longest-univalue-path#Easy
125#Valid Palindrome,Palindrome Linked List#/problems/palindrome-linked-list#Easy,Valid Palindrome II#/problems/valid-palindrome-ii#Easy
126#Word Ladder II,Word Ladder#/problems/word-ladder#Medium
127#Word Ladder,Word Ladder II#/problems/word-ladder-ii#Hard,Minimum Genetic Mutation#/problems/minimum-genetic-mutation#Medium
128#Longest Consecutive Sequence,Binary Tree Longest Consecutive Sequence#/problems/binary-tree-longest-consecutive-sequence#Medium
129#Sum Root to Leaf Numbers,Path Sum#/problems/path-sum#Easy,Binary Tree Maximum Path Sum#/problems/binary-tree-maximum-path-sum#Hard,Smallest String Starting From Leaf#/problems/smallest-string-starting-from-leaf#Medium
130#Surrounded Regions,Number of Islands#/problems/number-of-islands#Medium,Walls and Gates#/problems/walls-and-gates#Medium
131#Palindrome Partitioning,Palindrome Partitioning II#/problems/palindrome-partitioning-ii#Hard
132#Palindrome Partitioning II,Palindrome Partitioning#/problems/palindrome-partitioning#Medium
133#Clone Graph,Copy List with Random Pointer#/problems/copy-list-with-random-pointer#Medium
134#Gas Station
135#Candy
136#Single Number,Single Number II#/problems/single-number-ii#Medium,Single Number III#/problems/single-number-iii#Medium,Missing Number#/problems/missing-number#Easy,Find the Duplicate Number#/problems/find-the-duplicate-number#Medium,Find the Difference#/problems/find-the-difference#Easy
137#Single Number II,Single Number#/problems/single-number#Easy,Single Number III#/problems/single-number-iii#Medium
138#Copy List with Random Pointer,Clone Graph#/problems/clone-graph#Medium
139#Word Break,Word Break II#/problems/word-break-ii#Hard
140#Word Break II,Word Break#/problems/word-break#Medium,Concatenated Words#/problems/concatenated-words#Hard
141#Linked List Cycle,Linked List Cycle II#/problems/linked-list-cycle-ii#Medium,Happy Number#/problems/happy-number#Easy
142#Linked List Cycle II,Linked List Cycle#/problems/linked-list-cycle#Easy,Find the Duplicate Number#/problems/find-the-duplicate-number#Medium
143#Reorder List
144#Binary Tree Preorder Traversal,Binary Tree Inorder Traversal#/problems/binary-tree-inorder-traversal#Medium,Verify Preorder Sequence in Binary Search Tree#/problems/verify-preorder-sequence-in-binary-search-tree#Medium,N-ary Tree Preorder Traversal#/problems/n-ary-tree-preorder-traversal#Easy
145#Binary Tree Postorder Traversal,Binary Tree Inorder Traversal#/problems/binary-tree-inorder-traversal#Medium,N-ary Tree Postorder Traversal#/problems/n-ary-tree-postorder-traversal#Easy
146#LRU Cache,LFU Cache#/problems/lfu-cache#Hard,Design In-Memory File System#/problems/design-in-memory-file-system#Hard,Design Compressed String Iterator#/problems/design-compressed-string-iterator#Easy
147#Insertion Sort List,Sort List#/problems/sort-list#Medium,Insert into a Cyclic Sorted List#/problems/insert-into-a-cyclic-sorted-list#Medium
148#Sort List,Merge Two Sorted Lists#/problems/merge-two-sorted-lists#Easy,Sort Colors#/problems/sort-colors#Medium,Insertion Sort List#/problems/insertion-sort-list#Medium
149#Max Points on a Line,Line Reflection#/problems/line-reflection#Medium
151#Reverse Words in a String,Reverse Words in a String II#/problems/reverse-words-in-a-string-ii#Medium
201#Bitwise AND of Numbers Range
252#Meeting Rooms
303#Range Sum Query - Immutable,Range Sum Query 2D - Immutable#/problems/range-sum-query-2d-immutable#Medium,Range Sum Query - Mutable#/problems/range-sum-query-mutable#Medium,Maximum Size Subarray Sum Equals k#/problems/maximum-size-subarray-sum-equals-k#Medium
354#Russian Doll Envelopes,Longest Increasing Subsequence#/problems/longest-increasing-subsequence#Medium
405#Convert a Number to Hexadecimal
456#132 Pattern
507#Perfect Number,Self Dividing Numbers#/problems/self-dividing-numbers#Easy
558#Quad Tree Intersection
609#Find Duplicate File in System
660#Remove 9
711#Number of Distinct Islands II
762#Prime Number of Set Bits in Binary Representation,Number of 1 Bits#/problems/number-of-1-bits#Easy
813#Largest Sum of Averages
864#Shortest Path to Get All Keys
915#Partition Array into Disjoint Intervals
966#Vowel Spellchecker
1017#Convert to Base -2
1068#Product Sales Analysis I
1119#Remove Vowels from a String
1170#Compare Strings by Frequency of the Smallest Character
1171#Remove Zero Sum Consecutive Nodes from Linked List
1172#Dinner Plate Stacks
1173#Immediate Food Delivery I
1174#Immediate Food Delivery II
1175#Prime Arrangements